date,product_id,store_id,quantity,price,customer_id
2024-11-23,1,4,4,63200.87,378
2024-02-22,7,6,2,89.81,17
2024-01-16,1,1,10,61922.48,102
2024-11-28,7,2,8,89.79,415
2024-01-04,8,1,7,54.12,80
2024-04-20,11,2,2,3161.58,184
2024-06-25,7,5,8,89.32,499
2024-07-12,1,2,10,67505.44,186
2024-10-22,2,1,4,35955.74,41
2024-04-29,9,2,8,658.82,187
2024-03-24,4,1,5,8671.55,350
2024-11-27,1,4,9,66489.32,84
2024-08-24,4,7,9,8261.67,167
2024-01-29,2,1,6,34654.08,34
2024-04-18,10,3,6,796.44,256
2024-07-21,9,4,3,634.72,127
2024-10-14,7,4,7,92.54,205
2024-07-04,2,7,9,34977.31,387
2024-01-25,9,1,3,668.99,217
2024-11-01,1,2,8,65189.24,498
2024-10-10,9,1,2,661.81,275
2024-05-16,8,2,5,54.64,233
2024-01-02,11,6,5,3351.0,391
2024-04-01,6,1,5,10134.84,260
2024-11-07,2,2,3,35137.83,399
2024-09-28,10,3,8,780.6,476
2024-07-04,9,5,5,633.06,124
2024-10-17,10,1,8,845.91,390
2024-09-29,8,1,8,57.46,85
2024-05-15,6,3,4,10220.34,387
2024-12-19,2,2,6,34783.35,265
2024-08-19,2,1,6,33323.62,284
2024-04-27,7,1,1,86.59,464
2024-01-17,9,1,4,635.6,249
2024-04-19,7,4,10,89.68,125
2024-08-30,8,1,2,55.87,182
2024-08-04,5,6,1,6002.29,331
2024-02-20,1,4,2,63366.27,98
2024-10-01,5,2,5,5877.95,448
2024-02-08,5,6,9,5662.77,334
2024-10-03,9,7,4,628.31,249
2024-09-03,2,2,1,33826.23,2
2024-07-18,2,5,8,34248.37,357
2024-10-11,7,3,4,87.19,496
2024-01-30,7,3,6,85.06,300
2024-09-01,6,6,3,9365.74,261
2024-02-11,9,1,2,661.39,121
2024-07-25,1,6,4,65512.97,21
2024-11-13,1,4,10,65148.09,479
2024-05-13,2,4,4,34179.65,68
2024-12-09,7,3,2,84.63,319
2024-10-15,12,1,4,490.29,68
2024-06-27,9,6,6,636.02,225
2024-10-05,7,3,9,84.62,419
2024-10-10,3,4,3,27340.5,456
2024-02-24,8,1,5,55.58,368
2024-06-24,2,4,5,35018.93,129
2024-01-27,1,2,5,62036.56,171
2024-03-07,7,2,8,89.46,219
2024-10-14,1,1,3,65296.34,428
2024-07-08,7,1,3,84.92,187
2024-01-21,9,1,4,660.85,182
2024-10-13,9,2,10,666.22,474
2024-05-01,9,7,3,674.79,13
2024-04-01,8,2,7,56.66,443
2024-05-07,2,5,2,34588.9,20
2024-08-28,2,5,8,34473.8,421
2024-04-26,2,4,7,34398.92,443
2024-02-05,11,2,9,3167.9,432
2024-10-01,4,1,5,8226.78,493
2024-05-15,1,3,6,66485.54,161
2024-08-11,7,3,7,92.56,98
2024-05-10,1,2,9,67766.24,276
2024-12-17,8,4,4,54.25,36
2024-12-06,10,3,2,838.02,154
2024-09-16,3,2,7,28552.18,284
2024-03-06,2,4,7,35620.61,463
2024-03-30,7,2,9,91.97,156
2024-05-26,2,5,10,35541.47,239
2024-08-14,5,1,8,6073.3,492
2024-03-27,7,2,10,87.53,420
2024-04-30,7,1,4,85.86,24
2024-05-05,12,3,2,487.82,454
2024-11-18,7,4,7,88.95,125
2024-03-16,7,1,2,91.48,113
2024-03-31,8,4,8,52.53,128
2024-03-03,6,5,9,10278.13,305
2024-06-11,11,6,10,3300.8,457
2024-09-15,5,6,8,6134.35,381
2024-08-31,6,5,5,10060.5,267
2024-09-05,7,2,2,90.9,121
2024-05-19,4,6,2,8192.62,119
2024-07-15,7,4,2,88.24,170
2024-10-04,6,1,7,9691.69,395
2024-10-26,10,1,10,810.19,4
2024-06-29,3,2,7,28107.02,377
2024-10-06,8,6,8,53.46,224
2024-09-05,1,2,7,66457.18,431
2024-08-27,10,7,9,781.21,202
2024-10-30,7,1,7,85.76,237
2024-04-03,1,2,4,64705.55,173
2024-07-13,3,7,7,27306.36,42
2024-08-28,1,3,6,63207.44,36
2024-11-29,1,1,4,63045.84,11
2024-11-14,2,1,2,35223.89,112
2024-08-26,7,5,3,89.94,494
2024-02-28,8,1,5,52.84,14
2024-06-08,7,6,7,88.08,367
2024-04-11,1,4,4,62412.36,396
2024-06-03,9,3,2,669.25,290
2024-01-22,4,2,6,8133.61,332
2024-06-23,1,2,8,62436.0,492
2024-07-04,7,5,3,88.43,376
2024-09-24,11,2,9,3287.89,239
2024-08-11,8,3,6,56.93,426
2024-02-14,3,3,8,28195.58,343
2024-07-13,4,3,6,8229.56,109
2024-06-30,8,2,10,56.11,142
2024-10-11,1,7,2,63318.81,209
2024-09-07,7,1,8,90.3,252
2024-08-17,8,1,4,54.47,125
2024-06-05,7,2,9,89.28,218
2024-10-08,4,4,5,8335.63,119
2024-03-02,8,2,9,57.48,354
2024-04-04,2,4,5,35786.05,390
2024-09-25,7,7,4,87.19,185
2024-04-01,3,4,3,27368.07,499
2024-01-28,7,4,3,90.23,386
2024-09-08,1,1,5,64801.08,226
2024-06-23,2,1,8,33649.3,34
2024-07-24,6,3,1,9458.69,416
2024-10-15,10,1,4,788.71,392
2024-08-01,7,5,4,91.45,195
2024-08-18,10,2,10,860.18,157
2024-10-18,7,3,2,92.98,107
2024-11-16,2,4,3,34089.53,283
2024-02-08,2,2,10,34894.69,17
2024-04-28,3,2,8,26799.3,120
2024-05-15,8,3,4,54.59,279
2024-04-25,7,6,3,85.19,85
2024-06-06,7,5,5,88.46,240
2024-12-18,3,2,5,28001.32,253
2024-08-12,1,1,7,66524.47,310
2024-05-08,1,1,10,65566.3,11
2024-12-10,8,3,3,54.84,334
2024-08-14,10,1,10,814.74,417
2024-09-08,11,3,7,3146.66,344
2024-02-23,9,2,8,636.23,484
2024-07-24,8,3,8,52.73,130
2024-06-14,1,5,9,67112.03,1
2024-12-02,9,3,1,629.69,186
2024-11-14,8,3,1,53.37,282
2024-03-08,10,2,8,788.96,499
2024-11-18,7,1,3,87.32,8
2024-10-09,5,1,2,5877.25,61
2024-11-27,9,3,5,650.58,140
2024-07-31,9,7,4,647.19,75
2024-07-15,2,3,3,36274.09,142
2024-07-31,4,5,5,8772.47,145
2024-06-01,9,3,8,673.74,229
2024-10-02,6,2,9,9679.67,478
2024-06-13,9,7,4,654.67,120
2024-07-29,1,4,7,64259.51,340
2024-11-29,12,3,1,471.69,495
2024-10-29,4,1,8,8159.75,467
2024-08-21,1,1,3,62236.38,401
2024-05-15,4,4,2,8799.0,437
2024-12-11,9,2,6,658.24,455
2024-09-06,9,1,2,632.76,351
2024-05-27,12,4,7,513.44,390
2024-11-20,7,1,3,90.73,463
2024-01-15,1,5,5,64080.01,221
2024-03-15,2,2,3,33844.94,41
2024-11-08,9,3,4,649.85,299
2024-03-14,2,4,8,34143.64,5
2024-08-26,10,4,3,785.06,484
2024-06-25,12,2,7,499.33,234
2024-06-03,2,2,8,33623.29,196
2024-10-19,4,2,5,8093.65,425
2024-12-03,5,1,1,6142.26,382
2024-09-11,9,6,4,656.96,181
2024-04-22,7,3,3,90.14,463
2024-11-17,7,2,8,84.85,187
2024-03-08,1,2,7,62891.66,68
2024-10-03,9,2,9,676.88,426
2024-03-25,2,5,8,36635.84,152
2024-06-22,8,3,2,53.02,495
2024-04-25,9,4,7,680.37,412
2024-10-12,4,5,1,8299.79,64
2024-08-20,4,4,5,8571.88,422
2024-11-22,10,1,4,817.66,318
2024-10-14,4,3,2,8615.09,238
2024-12-24,3,2,3,26726.97,20
2024-06-04,12,1,4,508.98,70
2024-07-17,6,4,9,9720.74,381
2024-03-20,9,4,8,657.52,481
2024-05-23,1,2,8,64640.52,121
2024-07-04,1,4,9,67611.03,331
2024-07-02,1,2,2,67918.57,422
2024-08-20,1,1,10,68062.11,26
2024-06-19,2,1,10,33968.22,425
2024-10-10,2,1,4,34399.96,76
2024-11-01,1,6,3,68168.93,277
2024-05-08,8,1,1,52.97,184
2024-05-01,7,1,5,85.02,380
2024-08-03,6,4,8,9749.31,186
2024-09-19,7,3,4,92.96,23
2024-12-03,6,3,1,9369.61,246
2024-07-24,5,1,8,5648.36,42
2024-06-13,7,1,5,90.11,300
2024-10-07,8,2,10,55.17,233
2024-09-15,7,1,2,92.14,334
2024-10-09,8,1,8,57.13,212
2024-06-22,8,2,2,53.97,161
2024-12-06,2,7,8,33484.97,426
2024-02-13,1,1,6,67026.5,285
2024-01-31,7,3,6,90.51,211
2024-06-30,9,7,7,673.93,370
2024-01-27,11,3,6,3073.15,260
2024-04-18,2,3,2,34475.4,285
2024-07-07,1,2,4,66996.94,433
2024-10-14,11,5,10,3255.99,286
2024-01-14,7,4,5,84.81,140
2024-12-25,8,6,6,52.28,446
2024-03-14,7,2,3,91.14,498
2024-01-16,1,3,7,64478.91,175
2024-03-21,4,4,10,8581.79,453
2024-01-27,2,5,1,35608.89,140
2024-08-14,7,3,8,88.24,111
2024-09-19,1,2,5,66158.42,304
2024-09-06,6,2,4,9697.36,307
2024-01-29,1,2,4,66737.77,392
2024-05-10,3,1,8,28691.64,90
2024-03-07,5,4,9,5934.65,343
2024-06-30,1,6,1,64585.43,236
2024-02-09,9,3,10,643.79,328
2024-08-01,3,2,6,27081.24,486
2024-11-12,6,4,6,9396.37,433
2024-02-24,2,3,9,33525.26,446
2024-06-07,8,1,3,52.67,325
2024-02-28,7,1,6,87.67,491
2024-11-26,8,1,3,53.66,89
2024-11-04,2,5,2,33870.01,396
2024-11-17,6,5,10,9749.93,474
2024-10-16,7,7,6,92.24,322
2024-06-10,2,1,8,35459.85,408
2024-05-20,7,2,2,87.31,232
2024-01-20,1,5,2,65940.33,438
2024-02-16,7,3,8,89.71,489
2024-01-22,5,5,4,5794.7,244
2024-09-13,2,1,2,36088.38,429
2024-06-24,12,1,3,467.42,363
2024-08-12,12,3,10,473.28,191
2024-05-24,5,5,10,5635.9,324
2024-11-27,4,2,9,8651.62,146
2024-05-09,8,4,10,57.05,171
2024-02-11,7,1,6,87.31,336
2024-12-23,7,1,2,87.31,193
2024-11-25,8,5,9,52.76,344
2024-08-04,6,1,5,9486.66,110
2024-06-23,10,3,4,861.0,80
2024-02-09,3,5,9,28758.45,428
2024-09-26,1,2,10,62601.82,193
2024-03-19,2,5,10,36081.65,85
2024-08-12,1,2,4,68052.33,313
2024-05-25,8,5,4,55.19,159
2024-08-28,10,1,10,859.72,237
2024-05-24,8,3,7,57.56,419
2024-04-12,8,1,5,52.54,247
2024-07-09,7,1,9,92.13,146
2024-02-12,8,2,9,53.06,224
2024-02-16,10,1,8,851.54,477
2024-01-14,5,2,6,5744.11,42
2024-07-10,2,2,2,36187.12,333
2024-06-20,8,1,5,57.3,242
2024-12-22,9,5,8,646.66,3
2024-02-10,1,1,3,65317.23,373
2024-11-07,6,1,5,9542.89,63
2024-01-25,2,4,10,34849.9,57
2024-09-12,7,1,9,89.67,368
2024-03-14,3,1,6,27273.58,214
2024-04-05,7,1,6,85.15,270
2024-10-05,6,7,9,9329.93,448
2024-08-28,1,2,6,63398.73,9
2024-07-01,8,2,2,56.49,377
2024-06-19,2,2,6,36097.28,90
2024-12-16,6,4,3,10105.27,33
2024-08-22,1,1,4,67507.64,162
2024-06-07,6,7,9,9773.93,19
2024-11-27,2,2,1,36280.29,170
2024-05-19,2,2,7,35851.58,459
2024-07-16,4,1,8,8387.24,409
2024-09-22,2,1,7,33526.24,309
2024-04-02,7,2,2,87.47,152
2024-06-05,5,4,3,6011.96,180
2024-08-16,1,6,6,65746.53,223
2024-05-20,7,5,1,85.22,327
2024-07-26,4,5,3,8884.87,74
2024-11-07,7,2,3,85.15,399
2024-11-26,4,2,10,8102.53,79
2024-12-13,5,2,8,6055.22,294
2024-03-11,6,2,5,9554.62,59
2024-01-14,8,3,7,57.27,61
2024-05-14,8,4,4,57.73,147
2024-12-21,10,3,2,790.13,38
2024-08-19,2,4,2,36086.8,496
2024-06-12,7,4,9,89.38,457
2024-06-02,9,4,3,669.09,261
2024-04-24,2,1,3,34078.58,253
2024-01-14,4,3,8,8758.11,283
2024-03-07,7,1,5,88.09,368
2024-09-02,6,5,10,9382.28,498
2024-06-11,7,2,9,87.62,450
2024-10-09,7,1,3,88.4,467
2024-01-29,9,3,5,628.2,166
2024-12-29,2,7,9,36382.24,434
2024-02-10,2,4,9,34210.58,321
2024-06-04,7,1,3,89.82,298
2024-03-19,2,3,10,34431.67,474
2024-10-15,1,6,2,62045.5,329
2024-10-22,2,1,10,34708.05,328
2024-01-16,6,3,5,9939.07,155
2024-09-04,2,5,7,34291.02,38
2024-12-18,1,2,8,64768.87,175
2024-11-06,2,6,6,35819.7,441
2024-06-25,11,1,6,3204.79,55
2024-06-12,2,1,8,34117.72,50
2024-01-26,3,2,10,27770.78,493
2024-03-22,8,7,6,53.29,82
2024-09-12,12,3,5,489.87,47
2024-07-20,6,7,4,9881.68,25
2024-01-26,3,3,8,27400.1,5
2024-02-25,5,6,6,6055.68,188
2024-01-24,5,3,4,5818.89,148
2024-02-07,5,3,9,5770.04,320
2024-12-14,7,1,2,88.06,407
2024-06-22,7,2,3,86.32,261
2024-07-24,6,1,3,10009.32,412
2024-08-30,6,1,9,9446.99,477
2024-11-09,3,2,10,28670.09,154
2024-10-30,4,5,9,8491.37,289
2024-06-02,6,1,6,9970.33,214
2024-10-25,3,6,1,28271.35,136
2024-12-01,8,5,10,53.5,27
2024-10-25,6,3,10,10069.11,195
2024-03-16,8,1,10,57.47,57
2024-04-07,1,2,3,64434.24,105
2024-07-29,6,3,8,10165.36,377
2024-02-01,7,3,9,87.44,340
2024-09-01,6,2,3,9760.47,273
2024-06-24,7,4,5,89.98,99
2024-05-06,3,2,5,28759.29,361
2024-04-16,7,3,8,87.65,479
2024-05-20,3,3,9,27663.14,203
2024-06-25,11,5,5,3053.46,490
2024-12-31,1,6,5,66607.7,110
2024-04-13,8,2,9,56.08,71
2024-02-25,7,3,4,85.0,464
2024-09-28,2,1,2,34696.55,368
2024-08-29,1,5,1,68019.37,476
2024-03-21,5,7,8,5886.69,103
2024-05-27,4,4,2,8629.45,119
2024-09-30,8,6,1,57.27,90
2024-08-01,9,1,1,682.32,204
2024-09-10,2,4,5,36318.6,5
2024-06-01,7,1,6,87.08,329
2024-10-05,6,6,3,10144.04,240
2024-05-19,2,1,3,35808.92,332
2024-05-11,8,1,6,56.6,291
2024-12-11,8,1,7,56.8,264
2024-06-16,1,4,3,68130.95,245
2024-06-14,10,1,7,798.31,386
2024-05-16,11,2,10,3043.66,335
2024-07-03,7,1,2,88.69,82
2024-07-26,7,6,5,90.69,328
2024-05-31,4,1,3,8481.45,233
2024-11-06,4,4,8,8718.75,411
2024-12-06,8,5,10,57.05,42
2024-09-26,5,4,2,6146.17,58
2024-02-01,8,6,4,55.4,77
2024-03-25,4,3,2,8653.25,368
2024-10-25,6,6,8,10102.52,233
2024-03-08,6,3,1,9857.62,345
2024-06-06,8,2,1,56.35,297
2024-02-07,1,2,2,65267.56,31
2024-02-05,12,3,5,485.53,394
2024-03-10,8,7,7,54.31,457
2024-07-14,5,6,7,5826.63,350
2024-12-04,9,1,6,625.21,276
2024-07-20,6,4,4,10128.13,388
2024-01-12,11,3,9,3175.72,195
2024-04-27,2,2,5,33909.68,449
2024-02-27,1,4,10,66729.35,453
2024-01-09,2,1,10,33367.52,307
2024-12-10,7,1,1,88.13,120
2024-10-03,2,6,1,33740.47,149
2024-04-29,8,4,6,55.43,396
2024-12-10,8,1,3,57.67,267
2024-04-23,5,2,9,6164.63,451
2024-03-30,7,2,8,84.97,177
2024-11-25,7,5,6,90.75,210
2024-03-17,3,1,9,27925.85,435
2024-04-25,3,4,8,29161.28,288
2024-07-30,11,3,3,3164.29,131
2024-04-14,4,1,8,8795.06,48
2024-10-01,8,1,5,54.32,310
2024-11-04,1,1,10,66457.98,287
2024-04-21,6,6,6,9607.12,466
2024-01-08,2,1,2,35864.08,387
2024-09-02,10,4,4,811.52,123
2024-10-09,4,2,8,8528.6,184
2024-06-06,2,3,8,34881.01,412
2024-08-28,8,2,4,54.29,212
2024-01-24,7,1,3,84.69,284
2024-10-26,7,2,3,86.3,118
2024-07-13,7,1,9,90.38,351
2024-06-21,2,5,8,34862.9,376
2024-06-29,2,4,8,33894.17,456
2024-10-04,12,7,9,467.16,434
2024-02-08,10,4,1,812.82,432
2024-11-18,2,4,1,34015.52,234
2024-07-10,1,4,10,67682.88,338
2024-09-06,1,3,7,61827.03,272
2024-05-20,7,2,9,91.79,346
2024-08-08,8,6,2,57.3,269
2024-03-17,2,3,5,36103.25,137
2024-07-22,1,7,8,65422.51,357
2024-04-25,3,5,2,28430.46,440
2024-11-28,8,1,7,54.32,244
2024-01-29,7,4,2,89.0,223
2024-11-26,8,3,2,57.17,471
2024-01-22,2,6,10,34914.25,24
2024-02-08,7,2,9,89.57,17
2024-04-01,10,2,4,827.14,386
2024-12-30,8,6,5,53.14,124
2024-10-17,9,2,9,639.06,387
2024-03-12,8,4,2,55.0,499
2024-06-26,1,2,2,63963.85,394
2024-11-10,11,2,6,3049.48,140
2024-08-18,6,2,7,9733.21,349
2024-10-26,7,1,10,87.18,127
2024-12-31,1,2,7,66375.9,325
2024-03-19,8,2,2,52.75,483
2024-06-06,5,5,2,5683.18,96
2024-08-08,5,3,7,5665.94,46
2024-06-30,7,3,6,92.24,7
2024-05-29,5,5,9,6139.07,125
2024-10-19,6,4,3,9446.06,155
2024-05-17,6,1,7,9580.44,154
2024-09-04,8,2,4,56.21,254
2024-10-31,7,3,3,87.26,486
2024-07-21,4,3,6,8449.19,221
2024-11-29,11,1,6,3233.03,356
2024-04-12,6,1,7,10259.35,150
2024-12-21,7,7,4,87.45,144
2024-07-20,4,7,4,8578.39,280
2024-04-02,7,3,8,92.94,108
2024-08-12,8,5,2,56.75,408
2024-07-28,7,1,5,86.7,338
2024-03-19,8,5,2,54.72,307
2024-09-02,7,3,7,89.39,405
2024-07-03,7,5,10,90.23,44
2024-02-25,8,4,6,53.16,314
2024-01-23,7,4,7,93.15,170
2024-08-08,1,1,4,65069.4,266
2024-10-12,7,3,8,87.88,238
2024-12-13,7,3,6,93.43,248
2024-02-23,3,6,2,26924.99,482
2024-03-13,4,2,4,8517.95,179
2024-08-31,1,4,8,63822.91,154
2024-01-23,8,1,6,55.81,347
2024-03-25,10,4,9,793.31,82
2024-06-18,7,7,4,91.65,323
2024-04-04,2,4,7,33352.17,315
2024-04-11,5,2,1,6020.79,106
2024-05-22,8,5,2,55.43,410
2024-10-01,2,2,8,33648.84,344
2024-09-07,6,4,10,9690.87,201
2024-10-27,1,2,8,65762.86,417
2024-12-10,7,2,10,89.8,345
2024-03-09,3,1,2,27112.52,356
2024-03-13,6,2,3,9873.31,217
2024-04-05,6,3,3,9853.81,251
2024-05-27,2,2,8,35417.93,444
2024-07-02,11,3,4,3300.87,494
2024-10-14,6,3,8,9717.32,431
2024-08-15,6,1,1,10089.96,113
2024-05-29,1,1,5,62843.36,235
2024-10-16,8,5,9,55.06,294
2024-02-28,2,3,6,35147.15,388
2024-01-22,8,2,4,57.69,53
2024-11-30,8,2,1,54.72,179
2024-02-14,5,7,4,5728.83,378
2024-10-28,7,6,10,90.18,85
2024-11-11,2,1,4,36069.04,292
2024-06-28,7,3,3,87.43,361
2024-05-29,3,2,9,29359.37,348
2024-02-18,2,5,7,36465.69,142
2024-12-01,2,6,4,33761.85,165
2024-05-06,8,4,8,53.03,324
2024-05-17,7,2,2,90.19,451
2024-02-17,5,4,6,5873.27,250
2024-06-16,7,6,2,91.06,235
2024-11-21,7,2,2,91.63,204
2024-04-21,11,5,8,3125.93,425
2024-05-25,4,3,10,8799.56,404
2024-06-24,9,5,1,623.97,402
2024-08-23,1,6,3,64618.36,1
2024-08-07,2,4,3,36337.52,155
2024-03-22,9,6,2,660.05,129
2024-02-12,4,6,3,8119.02,321
2024-06-05,8,5,7,55.86,361
2024-02-18,1,3,3,65608.92,266
2024-12-14,5,1,6,6087.09,441
2024-08-04,7,3,4,87.96,375
2024-02-22,1,2,5,62641.34,397
2024-03-09,7,4,2,89.27,5
2024-11-08,7,2,4,90.14,78
2024-07-29,7,2,4,85.32,52
2024-03-12,8,3,7,54.18,220
2024-06-10,8,1,2,53.61,308
2024-11-03,8,2,1,56.91,338
2024-06-03,2,3,4,35867.45,152
2024-11-26,1,6,4,64966.77,58
2024-05-03,6,3,9,10180.95,7
2024-07-03,10,1,10,813.51,280
2024-12-15,2,3,2,33308.41,35
2024-01-08,2,1,1,36570.38,204
2024-09-16,3,4,7,27786.01,206
2024-02-12,7,3,3,87.02,159
2024-02-10,6,1,3,9835.66,201
2024-10-27,7,5,2,87.31,224
2024-05-02,1,1,7,62503.91,314
2024-11-07,1,4,3,62526.38,363
2024-03-11,7,1,6,89.2,401
2024-05-12,2,1,5,35815.28,61
2024-01-16,4,2,9,8129.29,365
2024-10-22,7,3,9,87.76,256
2024-10-17,2,1,2,36379.94,346
2024-02-29,2,3,1,36255.41,7
2024-05-05,1,2,3,62913.25,492
2024-01-19,7,6,7,86.55,128
2024-08-01,10,2,2,825.87,62
2024-09-14,7,1,4,91.71,24
2024-07-24,1,3,5,66777.93,160
2024-06-16,1,3,6,63054.36,289
2024-06-04,8,1,6,55.5,253
2024-04-10,8,3,4,53.08,478
2024-07-28,1,3,1,67931.44,1
2024-12-02,4,4,5,8163.36,272
2024-05-01,5,7,3,6024.87,48
2024-01-23,10,6,9,812.87,459
2024-07-09,6,4,10,9403.67,69
2024-11-22,8,1,10,52.59,340
2024-03-07,2,2,6,36491.15,202
2024-12-24,9,2,8,635.18,39
2024-04-13,2,5,2,33793.94,85
2024-08-18,6,2,9,9661.12,395
2024-04-16,6,3,2,9398.61,414
2024-12-17,3,4,10,26712.92,428
2024-06-16,2,4,6,34636.86,26
2024-12-12,3,5,3,26687.03,208
2024-08-19,7,3,2,88.66,412
2024-03-12,2,1,4,33707.5,422
2024-07-24,4,4,2,8569.98,133
2024-02-08,1,1,8,67010.44,48
2024-06-18,2,7,1,33837.96,294
2024-08-09,8,2,1,54.36,219
2024-03-29,4,6,5,8312.88,453
2024-03-17,1,3,4,65957.31,256
2024-07-29,9,3,2,635.69,71
2024-08-02,2,6,9,34122.02,411
2024-10-05,8,7,6,54.89,401
2024-09-05,4,3,6,8405.12,93
2024-01-14,3,1,5,26764.06,242
2024-09-28,4,3,4,8902.88,52
2024-05-06,7,2,1,91.35,486
2024-04-22,7,7,7,87.71,430
2024-03-29,2,3,6,36448.93,15
2024-12-26,7,7,10,85.81,486
2024-04-06,9,5,8,652.74,90
2024-09-08,1,1,10,63172.26,270
2024-09-01,1,6,4,66991.9,175
2024-03-31,10,5,6,783.88,76
2024-10-27,7,1,2,92.08,441
2024-07-05,11,2,7,3227.53,173
2024-06-03,4,7,7,8748.07,492
2024-09-06,7,1,9,90.72,476
2024-11-10,8,1,10,56.73,194
2024-06-06,8,2,3,56.26,486
2024-12-25,10,2,10,781.66,309
2024-06-11,10,7,4,831.45,54
2024-09-11,2,4,4,34463.84,164
2024-03-26,7,7,6,88.53,136
2024-04-17,2,1,5,36004.57,369
2024-01-01,1,2,7,68049.16,453
2024-07-30,6,2,9,9677.84,425
2024-09-02,8,3,4,53.14,38
2024-01-18,3,2,2,26807.76,88
2024-07-11,2,1,2,34432.83,315
2024-09-04,7,2,3,89.96,223
2024-03-21,1,2,4,64410.32,284
2024-10-03,2,2,4,33585.71,202
2024-10-19,7,3,1,87.76,219
2024-02-14,3,4,10,27944.92,50
2024-01-14,2,4,2,34907.5,60
2024-06-06,8,3,5,52.75,279
2024-07-17,2,6,6,33903.04,23
2024-05-14,5,2,5,5937.91,78
2024-12-22,7,1,6,91.74,212
2024-10-28,2,1,7,36114.42,215
2024-10-01,7,7,10,92.4,244
2024-06-02,1,6,1,65013.66,462
2024-09-21,8,4,10,53.06,487
2024-08-17,2,7,4,36079.61,65
2024-01-22,5,7,7,5724.13,422
2024-11-17,2,3,6,36437.82,469
2024-02-04,1,3,9,63869.82,142
2024-09-23,6,6,10,9885.82,401
2024-08-02,1,1,10,65571.57,389
2024-02-21,10,3,2,843.43,445
2024-10-01,9,6,5,642.4,249
2024-10-19,7,1,5,88.14,317
2024-11-07,7,2,7,92.47,170
2024-12-19,2,4,5,36389.61,11
2024-06-21,8,2,5,56.89,440
2024-12-22,7,7,4,85.75,499
2024-08-14,8,2,7,55.58,46
2024-04-06,5,6,7,6042.16,389
2024-09-21,9,5,9,668.95,34
2024-06-08,7,2,9,92.38,15
2024-03-29,2,5,1,34123.22,234
2024-01-26,10,4,5,809.2,238
2024-09-15,5,6,1,5747.74,251
2024-10-31,5,7,8,5951.26,180
2024-06-25,2,6,2,34247.74,198
2024-01-26,2,3,4,36249.89,332
2024-04-25,7,2,7,89.12,443
2024-12-15,1,6,3,65657.42,5
2024-04-24,2,5,5,35744.59,364
2024-11-25,3,6,6,27885.19,112
2024-08-26,3,3,10,27712.03,53
2024-01-04,6,4,6,9860.23,305
2024-11-07,3,4,8,26778.74,142
2024-11-23,4,2,5,8235.11,265
2024-05-03,9,5,10,643.77,164
2024-12-14,2,1,8,36741.14,133
2024-08-02,5,4,10,6022.76,293
2024-04-07,4,4,9,8617.57,244
2024-12-09,4,2,3,8789.54,449
2024-10-12,2,1,3,35843.22,372
2024-10-13,8,1,6,55.85,114
2024-06-30,2,6,7,36008.32,170
2024-07-09,2,2,2,34896.88,444
2024-11-20,7,7,2,88.75,100
2024-09-13,1,4,9,63689.31,28
2024-03-18,2,1,7,36705.17,458
2024-08-22,2,6,3,35976.29,250
2024-06-19,7,1,1,84.59,141
2024-04-17,8,1,3,54.94,391
2024-02-15,2,2,7,34661.88,495
2024-09-01,5,1,4,6036.09,487
2024-01-08,9,5,9,629.89,347
2024-01-03,7,1,6,87.33,53
2024-07-15,6,2,2,10117.37,153
2024-05-28,6,3,9,9641.08,455
2024-12-17,12,2,8,483.1,97
2024-03-25,10,6,7,780.57,115
2024-03-08,2,1,9,33841.45,188
2024-12-30,7,1,5,91.41,320
2024-01-25,7,1,2,90.37,11
2024-01-25,7,2,7,85.65,130
2024-08-30,7,1,1,87.23,339
2024-02-21,7,2,10,90.79,215
2024-02-23,6,3,5,9421.73,55
2024-09-11,2,1,5,36160.25,499
2024-04-13,4,2,3,8108.49,255
2024-04-16,7,3,4,84.57,344
2024-02-15,10,5,8,791.23,47
2024-09-18,1,4,5,65938.19,234
2024-05-31,2,1,3,36309.49,437
2024-05-28,4,4,7,8702.76,49
2024-01-24,1,1,3,63886.3,458
2024-08-12,11,2,2,3159.24,176
2024-04-03,1,2,8,63516.92,198
2024-12-19,9,5,3,624.85,357
2024-01-31,12,5,2,485.89,303
2024-09-04,8,4,3,55.61,399
2024-07-02,7,6,3,88.85,250
2024-02-27,9,2,2,634.5,161
2024-01-07,7,4,10,90.99,115
2024-12-08,9,3,10,623.69,339
2024-05-07,6,4,7,9455.68,424
2024-10-12,9,3,1,659.32,81
2024-09-15,9,6,3,622.37,252
2024-06-13,2,7,1,35024.25,282
2024-11-25,4,5,2,8465.23,411
2024-10-20,5,6,8,5791.48,255
2024-11-30,1,2,1,65371.35,1
2024-02-16,8,7,5,57.15,288
2024-04-15,7,3,6,87.78,28
2024-04-24,9,2,10,656.5,367
2024-12-02,4,3,2,8720.42,114
2024-01-02,4,5,5,8540.54,192
2024-12-25,1,6,8,62662.92,368
2024-07-28,1,3,4,62534.85,437
2024-07-20,2,5,4,35758.76,56
2024-07-31,1,4,10,62550.92,457
2024-08-18,6,3,9,9441.94,256
2024-01-03,7,1,7,92.02,248
2024-09-17,8,6,10,53.21,418
2024-03-06,1,4,10,67487.52,259
2024-07-15,5,3,4,5766.42,494
2024-06-24,11,3,3,3084.22,309
2024-12-24,9,3,9,673.45,365
2024-10-10,7,1,10,90.91,352
2024-06-25,10,1,3,820.32,356
2024-11-22,4,1,6,8552.94,299
2024-10-19,10,4,9,802.45,434
2024-08-04,8,3,1,54.34,28
2024-12-09,1,2,3,68142.96,350
2024-05-08,2,1,5,33964.0,278
2024-01-17,4,3,10,8812.83,379
2024-10-14,9,4,9,642.78,262
2024-12-22,3,4,7,27685.15,490
2024-12-16,3,3,1,28682.28,104
2024-11-13,9,6,8,671.45,467
2024-11-20,7,4,10,89.41,309
2024-04-10,8,7,5,54.72,350
2024-02-08,2,1,9,33667.74,21
2024-08-07,3,2,3,28235.16,131
2024-01-03,4,4,3,8108.95,476
2024-06-14,7,5,10,92.05,155
2024-09-08,8,3,2,56.56,163
2024-09-26,2,1,2,36001.9,82
2024-07-31,7,2,6,86.52,110
2024-12-05,4,2,4,8882.76,317
2024-09-28,6,3,1,9422.43,178
2024-08-16,2,4,10,34103.4,21
2024-12-15,9,2,2,642.58,277
2024-05-24,1,3,6,65093.01,261
2024-08-16,6,2,4,9623.91,43
2024-02-19,2,7,9,35116.22,321
2024-02-03,2,3,4,36277.33,218
2024-02-23,2,5,7,35512.96,482
2024-02-06,8,1,8,56.19,20
2024-02-14,1,1,5,65377.55,295
2024-04-26,10,2,8,830.68,222
2024-06-10,1,4,9,61788.34,369
2024-11-12,1,4,1,66305.73,38
2024-07-02,10,1,5,828.74,145
2024-08-12,5,5,1,5884.65,274
2024-04-22,2,2,9,34282.42,325
2024-03-14,3,6,6,29280.7,6
2024-10-10,9,1,1,617.83,306
2024-07-20,7,7,5,86.42,380
2024-06-25,2,6,9,33748.59,95
2024-04-23,7,2,2,86.16,410
2024-10-17,9,6,9,647.48,282
2024-02-07,3,1,2,27152.77,298
2024-09-06,11,2,4,3072.01,318
2024-02-05,10,2,8,805.92,338
2024-06-05,7,1,10,87.79,162
2024-08-07,2,2,4,35742.7,329
2024-08-11,3,2,6,29058.08,237
2024-08-16,4,2,9,8167.51,331
2024-11-06,1,2,3,67543.43,101
2024-05-14,8,3,2,57.16,435
2024-09-16,7,5,10,88.16,303
2024-04-18,10,3,9,852.31,277
2024-08-29,7,1,7,86.54,396
2024-10-28,8,2,8,55.01,47
2024-07-22,4,1,4,8795.78,413
2024-11-10,7,5,3,88.52,92
2024-10-16,10,4,3,839.35,248
2024-07-02,1,5,4,62158.6,190
2024-04-29,1,1,6,64272.61,470
2024-08-20,9,1,6,624.21,496
2024-09-23,7,2,5,89.7,292
2024-03-30,4,2,10,8630.34,428
2024-02-09,6,2,4,9816.04,181
2024-06-25,6,3,10,9316.47,452
2024-03-12,5,1,9,5984.65,109
2024-03-17,2,2,2,35563.88,213
2024-06-18,8,3,8,54.88,303
2024-03-23,7,2,4,84.93,294
2024-10-30,2,3,1,36367.79,76
2024-01-29,2,6,9,36603.83,307
2024-10-15,7,6,5,92.98,111
2024-08-17,7,3,8,86.07,426
2024-07-29,7,5,3,90.1,262
2024-05-15,2,4,8,35337.87,36
2024-04-27,4,1,1,8247.0,441
2024-09-15,7,5,10,85.41,244
2024-11-10,7,6,9,89.03,61
2024-02-17,6,1,10,9838.5,1
2024-12-13,7,3,6,92.34,358
2024-09-28,5,7,8,6070.84,196
2024-06-28,7,4,10,85.42,69
2024-05-10,6,1,2,9587.6,449
2024-10-05,5,1,1,5946.01,61
2024-09-23,1,4,6,64407.49,55
2024-03-20,5,3,5,6109.44,217
2024-10-16,4,2,7,8716.73,212
2024-10-09,8,3,6,55.33,248
2024-05-09,12,3,7,501.55,438
2024-12-03,1,1,3,62401.81,261
2024-07-24,8,5,10,56.08,362
2024-01-27,2,7,1,36065.29,422
2024-03-15,6,3,2,9372.8,114
2024-07-08,1,1,7,67799.45,206
2024-11-10,7,2,10,85.06,397
2024-03-30,7,2,4,92.12,477
2024-09-22,3,1,10,28029.53,358
2024-04-28,7,4,6,86.68,1
2024-03-21,1,2,7,64045.33,203
2024-07-26,7,3,2,92.73,282
2024-05-25,8,3,10,54.16,494
2024-05-21,2,7,8,36504.0,295
2024-01-03,2,2,2,35205.21,258
2024-05-30,4,1,9,8888.2,449
2024-10-02,8,3,8,57.56,289
2024-09-04,8,5,8,56.0,460
2024-10-27,9,3,5,621.89,325
2024-04-22,7,1,6,88.22,181
2024-09-21,7,4,5,86.76,48
2024-07-23,7,5,2,89.49,92
2024-08-31,3,1,10,27353.41,485
2024-12-15,10,1,4,798.26,124
2024-05-15,2,1,4,36177.17,183
2024-03-20,8,1,2,55.97,340
2024-09-09,7,5,9,93.08,435
2024-09-03,4,2,10,8813.45,252
2024-04-03,12,6,5,485.0,385
2024-10-22,2,3,7,34924.12,277
2024-01-17,6,2,3,9758.05,62
2024-12-23,6,2,1,9321.58,108
2024-07-13,7,2,10,92.22,96
2024-10-07,2,2,10,34450.84,95
2024-09-12,5,2,6,5820.4,206
2024-05-23,6,3,10,9982.29,417
2024-02-21,8,5,9,54.63,196
2024-04-10,2,7,3,34905.45,5
2024-03-31,5,1,9,5920.05,162
2024-09-06,3,3,10,26733.59,51
2024-12-19,2,1,5,34917.89,323
2024-02-19,5,2,6,5817.58,286
2024-05-11,4,2,6,8812.26,494
2024-11-06,2,3,9,33860.89,400
2024-05-25,4,4,8,8733.53,229
2024-02-10,5,2,3,6117.27,328
2024-06-21,5,3,7,6105.85,37
2024-02-10,2,1,6,35535.55,364
2024-05-16,7,2,8,91.5,481
2024-07-04,8,3,8,54.53,95
2024-01-12,2,1,5,36541.53,359
2024-02-10,2,2,2,33473.27,450
2024-08-30,7,1,7,89.21,43
2024-02-23,2,1,7,34332.8,127
2024-05-25,5,1,9,6099.73,15
2024-01-18,7,6,6,92.24,240
2024-10-03,10,3,3,858.5,358
2024-10-03,2,3,10,34772.42,328
2024-11-23,7,6,8,89.35,413
2024-02-15,5,2,5,5696.87,6
2024-01-01,6,5,3,9647.01,241
2024-09-30,1,6,8,63697.47,393
2024-08-08,8,3,1,55.27,97
2024-07-29,9,2,4,628.11,378
2024-11-26,5,2,5,5651.73,321
2024-05-02,6,5,10,10101.42,351
2024-05-19,3,4,5,27756.13,437
2024-02-05,2,2,8,35412.05,140
2024-12-24,7,1,1,85.9,497
2024-09-30,1,7,5,63499.77,367
2024-08-12,8,1,3,52.33,112
2024-06-24,5,5,8,6193.8,238
2024-12-22,8,2,3,52.56,398
2024-07-19,1,3,4,67572.04,129
2024-07-14,8,1,4,54.37,500
2024-08-14,2,7,4,34862.92,395
2024-02-18,6,7,8,9691.34,493
2024-06-08,10,1,1,840.07,282
2024-09-23,2,3,5,33945.53,455
2024-01-27,9,1,2,632.84,223
2024-06-15,1,5,10,62527.72,405
2024-05-04,1,1,8,66224.64,80
2024-07-09,8,1,8,52.75,317
2024-06-22,10,7,1,783.9,331
2024-03-19,7,5,3,88.89,163
2024-10-12,8,5,8,56.28,11
2024-12-18,4,4,5,8838.86,249
2024-12-27,5,2,8,5716.97,96
2024-10-05,4,4,5,8812.51,307
2024-10-10,2,3,8,34284.85,135
2024-10-04,4,1,9,8397.19,95
2024-01-10,7,2,10,86.68,370
2024-02-02,7,3,7,86.24,350
2024-09-11,8,1,5,54.02,329
2024-06-13,1,3,2,62034.55,481
2024-03-07,2,1,2,34948.8,51
2024-01-17,7,5,8,89.23,360
2024-10-29,2,2,10,35762.46,7
2024-04-16,7,6,2,88.72,328
2024-02-01,4,4,7,8773.72,407
2024-12-28,1,3,9,62014.25,37
2024-06-04,1,1,9,62381.28,372
2024-04-28,7,1,9,90.4,292
2024-11-16,10,3,9,813.05,55
2024-11-22,7,4,7,92.41,86
2024-04-02,7,3,3,89.3,308
2024-08-14,10,6,9,860.3,167
2024-07-09,5,4,6,5963.96,289
2024-10-06,2,5,5,34510.03,232
2024-08-17,11,1,1,3354.55,306
2024-01-09,6,7,5,9316.44,114
2024-04-19,9,1,5,677.24,262
2024-10-11,7,3,2,84.89,183
2024-03-20,2,2,10,34124.5,132
2024-06-02,1,2,4,66522.73,371
2024-06-15,8,1,10,56.76,49
2024-10-31,7,1,10,87.95,400
2024-01-29,10,2,7,813.15,445
2024-03-02,9,1,10,677.86,325
2024-11-19,5,2,1,5793.4,290
2024-03-17,4,4,3,8117.94,375
2024-07-20,11,5,10,3201.51,114
2024-08-09,3,2,3,27541.27,244
2024-10-19,8,3,5,52.72,257
2024-08-10,8,1,3,54.9,102
2024-09-06,5,3,9,5968.44,377
2024-09-25,2,1,7,34381.94,474
2024-10-21,1,4,7,64124.24,98
2024-06-13,4,4,5,8218.87,180
2024-11-11,8,5,10,53.05,23
2024-04-29,2,2,2,33643.3,28
2024-05-04,10,6,5,780.13,356
2024-02-26,3,3,6,27185.23,276
2024-04-18,2,3,5,35170.8,319
2024-03-13,7,4,7,89.74,340
2024-09-26,1,1,5,63054.52,357
2024-11-12,3,3,1,26786.47,339
2024-05-18,7,6,6,92.24,10
2024-05-29,9,4,4,681.19,261
2024-12-29,1,2,10,65205.14,96
2024-04-11,6,3,1,9348.96,473
2024-09-28,3,3,3,26651.44,351
2024-06-29,4,2,9,8309.5,32
2024-11-16,2,2,1,36554.48,486
2024-05-23,2,2,7,35549.26,45
2024-07-14,6,4,4,9718.99,294
2024-03-19,5,2,10,5799.28,278
2024-03-08,2,1,9,35644.17,104
2024-03-11,3,4,9,29146.78,221
2024-03-15,7,3,3,87.38,286
2024-09-29,10,1,6,847.84,75
2024-01-16,8,6,7,57.54,156
2024-08-14,8,5,5,53.09,97
2024-02-24,2,1,10,35409.31,311
2024-10-17,7,3,4,90.67,184
2024-02-10,7,3,9,92.08,241
2024-12-30,7,1,7,88.92,71
2024-03-24,2,1,1,36489.02,487
2024-07-30,2,4,4,35902.22,34
2024-03-31,10,7,10,819.18,167
2024-08-22,9,2,1,657.02,423
2024-07-13,8,2,10,55.52,269
2024-11-24,9,5,9,624.61,234
2024-01-22,9,1,9,643.21,377
2024-01-21,7,3,1,86.24,226
2024-07-22,9,5,5,647.49,217
2024-05-30,7,1,9,92.59,238
2024-11-26,6,4,2,9486.18,300
2024-12-22,7,2,6,88.56,92
2024-08-20,7,4,4,92.4,47
2024-05-08,4,4,3,8685.62,64
2024-02-16,1,2,6,62304.49,363
2024-07-15,8,7,10,57.47,194
2024-10-08,5,5,6,5938.64,338
2024-03-17,2,1,1,34718.54,159
2024-08-16,3,1,3,29289.21,2
2024-11-14,8,1,8,56.95,279
2024-01-03,7,3,4,89.79,244
2024-08-20,5,1,10,5608.88,452
2024-10-07,3,3,4,26736.97,76
2024-01-29,7,1,1,90.49,430
2024-11-04,3,6,1,26904.89,92
2024-03-23,7,3,10,89.64,288
2024-03-31,11,4,6,3338.07,48
2024-06-02,4,6,2,8719.68,432
2024-10-08,1,3,2,66265.03,141
2024-06-17,6,3,4,9909.81,56
2024-10-19,8,3,2,54.91,353
2024-11-05,10,7,5,814.02,435
2024-06-11,2,3,10,34488.49,67
2024-11-10,7,3,8,88.93,93
2024-11-08,2,2,4,33255.53,13
2024-08-26,7,1,4,91.67,213
2024-07-30,1,2,4,61823.43,104
2024-12-19,3,5,5,27440.8,282
2024-06-14,8,1,6,54.13,371
2024-10-18,7,1,3,86.28,427
2024-06-22,10,3,8,844.37,331
2024-03-10,6,3,9,10188.01,237
2024-07-30,10,1,9,803.55,372
2024-12-13,3,3,4,28216.71,170
2024-06-30,1,1,1,63954.49,193
2024-11-16,7,1,10,88.02,305
2024-02-29,9,5,6,663.64,140
2024-07-30,1,6,6,64687.39,487
2024-06-03,2,2,2,34559.75,20
2024-04-13,10,2,1,844.52,464
2024-09-13,2,2,8,35813.54,269
2024-06-07,8,1,2,56.77,481
2024-09-21,7,1,1,88.64,366
2024-09-24,1,2,1,66215.84,305
2024-02-14,4,6,2,8517.49,338
2024-06-08,1,5,4,63835.72,99
2024-05-26,3,2,8,28479.15,140
2024-03-17,2,1,10,35208.69,53
2024-04-15,7,3,5,85.81,361
2024-05-25,7,1,5,90.01,174
2024-10-03,5,1,8,6137.94,26
2024-02-24,5,1,7,5710.6,306
2024-10-30,7,4,8,90.04,160
2024-06-19,8,4,9,52.68,473
2024-08-26,7,1,8,85.42,159
2024-12-16,7,5,8,86.61,115
2024-03-14,9,3,6,642.98,359
2024-12-06,4,6,6,8460.29,16
2024-02-03,6,2,8,10138.85,145
2024-06-27,7,1,2,88.16,366
2024-02-24,4,4,5,8527.83,206
2024-10-29,5,3,9,5698.82,247
2024-07-15,1,1,10,64552.47,223
2024-10-17,8,3,4,53.2,343
2024-02-09,8,4,8,52.88,306
2024-08-25,4,1,8,8224.75,490
2024-07-26,1,1,10,66763.73,195
2024-06-16,6,4,2,9523.26,72
2024-10-24,10,4,1,841.08,339
2024-03-17,6,2,10,9876.37,101
2024-04-15,7,2,10,91.62,348
2024-06-04,10,7,6,860.2,299
2024-01-05,7,3,3,92.14,32
2024-07-08,10,7,1,836.68,421
2024-07-02,1,2,1,63279.07,360
2024-10-29,5,2,7,5844.56,223
2024-10-06,2,1,3,33908.79,197
2024-07-03,9,1,3,626.23,37
2024-11-27,1,4,8,66026.52,500
2024-03-10,1,4,7,67340.99,458
2024-12-22,7,2,3,88.59,218
2024-10-09,8,2,4,53.27,310
2024-01-04,7,5,4,90.89,138
2024-07-29,10,3,1,859.22,291
2024-09-04,7,1,8,93.11,41
2024-03-13,8,3,5,54.81,41
2024-09-24,9,1,8,658.49,340
2024-12-08,1,4,10,63781.25,28
2024-06-24,7,1,8,89.11,241
2024-10-20,8,2,5,53.84,19
2024-12-21,10,4,10,800.36,323
2024-08-30,7,3,5,91.75,320
2024-01-14,3,1,9,26815.21,402
2024-05-22,2,3,5,36252.5,8
2024-02-27,7,6,3,90.42,190
2024-03-30,2,4,8,33882.83,271
2024-01-17,4,1,3,8581.21,421
2024-03-19,9,5,7,667.57,122
2024-12-04,5,4,4,5945.88,432
2024-06-25,1,2,2,62091.4,238
2024-07-23,6,3,9,9538.99,350
2024-12-27,5,2,9,6118.46,7
2024-05-27,10,2,6,857.86,350
2024-01-22,1,3,6,67965.19,222
2024-11-08,10,6,6,801.17,411
2024-02-20,2,3,8,35956.03,384
2024-05-03,8,3,4,55.11,347
2024-12-19,12,2,1,498.47,426
2024-02-04,1,1,2,66205.75,180
2024-04-22,8,2,1,52.38,48
2024-01-30,10,4,4,856.94,327
2024-03-03,7,1,10,85.71,337
2024-11-27,7,7,2,90.74,130
2024-05-30,6,7,8,10214.24,142
2024-08-06,7,4,6,86.84,400
2024-02-07,3,1,7,27531.43,31
2024-05-12,11,2,8,3062.21,476
2024-04-12,7,1,8,85.52,277
2024-08-08,2,4,8,35753.9,53
2024-01-18,1,3,5,66802.04,10
2024-09-11,2,4,1,35576.12,137
2024-03-18,7,6,10,84.58,363
2024-09-08,6,2,2,9839.33,2
2024-07-15,11,5,8,3078.79,275
2024-07-02,4,2,1,8612.43,491
2024-11-27,1,3,6,62272.97,236
2024-05-28,7,1,1,93.16,339
2024-04-07,3,2,2,28365.73,184
2024-09-06,1,4,4,62659.63,99
2024-01-13,8,3,8,54.39,406
2024-10-03,7,3,8,93.15,9
2024-01-19,4,2,1,8419.68,109
2024-11-30,7,3,9,85.88,297
2024-04-29,10,1,3,819.09,10
2024-08-29,10,3,4,836.51,67
2024-01-08,2,1,5,36122.59,50
2024-08-21,7,5,2,91.83,55
2024-02-28,6,5,4,9371.85,104
2024-08-06,4,5,7,8350.6,500
2024-12-16,7,1,4,91.35,304
2024-03-29,4,1,3,8718.92,87
2024-12-22,4,1,4,8861.82,21
2024-03-09,1,5,10,64194.85,81
2024-01-09,9,1,1,629.16,46
2024-12-27,7,6,7,90.72,406
2024-08-31,7,1,5,89.21,211
2024-05-02,10,3,1,827.89,368
2024-09-12,7,1,5,87.65,3
2024-10-12,2,1,9,36668.77,317
2024-07-04,9,7,9,631.75,395
2024-11-16,7,2,4,85.55,77
2024-12-16,9,6,8,628.96,344
2024-01-23,1,2,4,64575.37,172
2024-11-11,8,5,1,52.82,27
2024-10-02,2,5,8,35052.16,37
2024-04-30,8,3,6,54.55,383
2024-12-12,9,1,2,638.7,51
2024-05-01,8,6,7,57.15,38
2024-08-29,7,1,7,85.84,476
2024-11-08,6,2,3,9758.59,100
2024-11-19,4,2,6,8183.13,355
2024-10-18,1,1,8,64730.76,88
2024-06-24,2,2,3,36013.41,327
2024-11-09,10,3,9,849.11,45
2024-07-29,9,3,4,655.95,429
2024-08-24,3,4,4,27293.93,223
2024-10-23,2,6,3,36448.14,460
2024-01-03,5,1,8,6037.75,259
2024-01-18,5,2,2,5871.94,124
2024-02-12,7,1,7,93.0,68
2024-07-02,3,4,2,26644.6,343
2024-06-05,2,3,10,35865.5,13
2024-08-20,6,1,7,9491.25,447
2024-07-08,7,4,1,92.21,37
2024-07-16,9,2,1,636.78,386
2024-05-18,7,3,10,91.62,404
2024-12-16,1,6,1,65095.79,466
2024-12-11,4,1,7,8385.75,317
2024-01-21,4,1,9,8674.14,288
2024-12-29,8,1,6,53.56,59
2024-11-28,6,7,10,10163.71,360
2024-04-17,8,5,6,54.19,137
2024-09-14,7,2,2,87.87,232
2024-09-05,6,5,8,10005.63,348
2024-09-29,9,3,6,669.49,485
2024-12-20,8,7,2,53.29,453
2024-08-22,1,2,3,63624.42,490
2024-02-09,1,2,3,64976.14,448
2024-04-14,6,3,5,9718.21,350
2024-10-04,10,3,7,815.4,331
2024-01-11,3,1,4,28937.85,267
2024-11-26,4,3,6,8488.23,341
2024-12-22,7,3,8,87.26,68
2024-06-05,2,2,8,34551.66,148
2024-01-25,2,2,3,35415.21,83
2024-12-30,7,1,3,92.02,355
2024-12-07,8,1,2,52.48,163
2024-10-21,2,2,3,33968.04,363
2024-01-18,7,7,3,87.87,277
2024-03-24,7,1,1,88.15,256
2024-03-15,10,6,3,779.35,379
2024-10-06,11,2,5,3191.65,149
2024-10-20,7,5,8,87.56,58
2024-09-02,10,1,9,788.58,13
2024-07-24,7,1,6,85.37,29
2024-11-07,7,3,4,91.5,393
2024-05-22,2,1,8,35619.72,491
2024-02-14,11,2,8,3141.68,310
2024-09-18,10,6,6,811.6,367
2024-08-06,4,2,5,8368.18,158
2024-08-16,9,1,8,665.7,213
2024-08-14,3,5,7,28640.1,213
2024-03-12,9,3,3,631.01,244
2024-09-25,12,1,10,502.55,46
2024-01-04,5,6,7,5708.19,237
2024-12-29,7,6,4,86.21,196
2024-05-28,7,1,5,91.98,156
2024-09-09,7,3,1,91.59,79
2024-05-14,3,4,8,26947.7,341
2024-05-27,5,3,4,5621.78,392
2024-05-21,6,7,10,10040.65,298
2024-09-03,7,6,8,93.22,419
2024-03-02,4,4,1,8793.49,84
2024-10-24,1,2,3,64073.01,28
2024-05-19,4,4,6,8116.41,150
2024-09-28,7,1,4,91.37,94
2024-02-18,7,1,6,92.31,424
2024-12-16,8,2,6,52.78,297
2024-06-29,8,1,9,53.8,399
2024-09-05,5,6,3,5665.43,80
2024-09-14,2,1,9,35397.0,426
2024-09-26,9,4,2,644.63,470
2024-02-09,1,1,1,64866.87,160
2024-12-19,4,5,10,8519.65,497
2024-06-24,2,2,2,34028.25,439
2024-12-21,2,1,3,33984.44,41
2024-08-05,7,5,2,84.72,248
2024-08-08,1,1,9,65605.65,241
2024-03-01,10,1,5,833.74,387
2024-02-19,8,6,4,55.48,103
2024-04-04,7,1,3,92.08,483
2024-05-22,10,2,3,849.12,400
2024-11-09,2,3,2,36118.55,391
2024-01-08,6,4,5,9478.34,387
2024-10-02,1,4,4,67733.1,436
2024-12-28,6,4,3,9740.87,491
2024-02-24,2,2,7,34734.32,264
2024-04-26,5,5,6,5677.93,57
2024-09-23,2,5,5,35199.96,21
2024-02-12,4,1,5,8463.4,377
2024-06-08,7,5,4,89.48,149
2024-08-07,2,1,8,36536.79,189
2024-04-01,1,4,2,64326.4,268
2024-12-03,7,1,7,88.12,303
2024-02-22,8,6,3,52.61,500
2024-04-11,4,3,7,8179.35,430
2024-08-05,8,2,10,55.52,388
2024-11-25,10,2,10,856.91,249
2024-09-18,3,5,2,26942.13,251
2024-09-11,2,7,1,33598.61,28
2024-02-04,6,1,3,9684.98,348
2024-06-16,2,3,2,35910.6,339
2024-09-23,8,5,4,53.86,255
2024-09-08,6,3,9,9845.69,488
2024-01-17,12,6,2,484.3,162
2024-07-11,5,1,3,5933.43,441
2024-06-04,9,1,7,626.24,367
2024-07-18,6,1,8,9956.88,351
2024-10-03,7,3,3,89.06,201
2024-05-14,6,7,10,9972.96,393
2024-05-25,4,1,1,8183.97,188
2024-06-27,8,3,6,54.34,220
2024-06-25,12,2,1,497.9,127
2024-04-30,7,3,2,92.28,59
2024-06-21,2,3,1,34863.18,443
2024-08-04,7,6,5,84.73,241
2024-10-28,1,2,10,64286.96,294
2024-02-20,8,1,4,54.1,258
2024-12-07,4,3,6,8899.01,104
2024-09-11,7,7,2,92.03,275
2024-04-19,3,1,10,27725.68,116
2024-11-15,8,1,10,52.77,173
2024-05-19,1,5,8,64526.19,178
2024-02-09,7,2,5,88.4,277
2024-06-09,2,2,10,35053.79,344
2024-10-07,2,1,9,36269.48,296
2024-09-12,2,7,8,34187.78,327
2024-09-29,8,6,7,57.39,373
2024-11-16,1,1,8,62710.33,78
2024-12-16,8,5,7,54.0,426
2024-02-02,7,5,5,91.88,331
2024-03-23,2,3,7,34084.69,77
2024-04-08,1,5,5,64767.04,287
2024-08-11,5,6,4,5699.02,70
2024-01-15,2,5,9,33865.95,437
2024-01-22,11,3,1,3057.7,460
2024-02-12,3,2,2,29121.61,209
2024-07-05,7,6,7,92.94,371
2024-03-12,2,3,9,36515.27,268
2024-12-06,8,7,9,53.63,453
2024-02-16,2,1,6,34402.5,300
2024-07-18,8,4,7,53.45,55
2024-03-30,2,2,7,34140.07,302
2024-01-29,6,2,2,9620.16,217
2024-08-31,7,7,3,87.78,367
2024-07-07,8,1,10,52.44,379
2024-12-05,8,1,4,53.64,197
2024-06-07,7,4,2,89.31,122
2024-08-14,5,6,7,6152.23,470
2024-05-10,3,7,4,27432.78,441
2024-03-23,10,4,7,843.72,141
2024-02-11,8,7,8,56.3,475
2024-06-19,8,6,2,56.78,358
2024-05-13,6,2,10,10024.65,281
2024-06-16,6,1,1,9938.55,95
2024-11-18,5,4,1,5841.39,322
2024-06-05,3,1,3,27298.89,366
2024-11-28,8,5,7,56.61,164
2024-08-19,6,4,5,9480.01,304
2024-06-16,8,1,7,54.27,202
2024-07-12,10,6,4,780.7,12
2024-10-12,7,3,2,93.22,102
2024-05-14,7,1,7,90.05,308
2024-05-13,2,7,3,36565.35,61
2024-01-08,8,2,8,56.8,254
2024-03-01,2,1,5,34257.87,254
2024-07-14,2,6,10,34004.48,422
2024-05-24,8,1,3,54.5,75
2024-01-15,3,2,10,27862.73,128
2024-07-08,7,4,2,84.64,69
2024-06-14,11,2,4,3268.27,363
2024-08-04,8,2,2,55.31,27
2024-06-19,10,3,6,860.73,481
2024-12-09,11,3,1,3041.72,259
2024-11-13,5,7,6,5683.02,457
2024-10-13,1,1,3,65024.35,477
2024-06-22,9,1,6,663.67,222
2024-03-13,2,2,3,34997.24,499
2024-05-23,8,6,5,57.22,135
2024-11-09,8,6,9,53.97,458
2024-03-25,3,7,3,28155.89,473
2024-12-02,7,2,4,85.87,118
2024-04-03,1,2,8,64586.79,459
2024-09-10,1,2,9,64903.8,253
2024-02-27,9,6,2,640.22,105
2024-05-25,2,1,9,36129.0,289
2024-12-05,7,3,1,89.23,293
2024-04-02,5,1,8,6004.38,455
2024-06-17,1,4,2,64312.1,303
2024-02-24,9,1,2,647.42,363
2024-12-03,6,3,5,9892.32,3
2024-06-17,11,4,8,3143.97,375
2024-10-18,2,6,5,34381.1,29
2024-02-06,7,3,2,88.1,92
2024-05-02,11,6,2,3046.56,107
2024-03-24,5,2,3,5676.16,252
2024-08-09,8,6,10,52.97,341
2024-02-19,9,3,8,646.45,199
2024-08-31,2,3,2,35897.72,416
2024-07-07,7,2,7,85.38,263
2024-06-23,11,4,3,3337.81,270
2024-11-18,7,1,8,88.44,465
2024-09-01,3,7,5,28956.31,268
2024-08-06,3,1,2,29168.45,263
2024-02-25,6,2,8,9957.64,292
2024-05-09,4,3,9,8088.83,380
2024-12-04,6,5,7,9354.35,214
2024-12-26,3,3,8,28720.59,231
2024-11-15,8,2,3,53.41,41
2024-11-05,2,4,7,35120.32,3
2024-07-21,1,1,8,64741.06,208
2024-12-02,11,3,8,3136.9,417
2024-11-11,4,4,7,8758.94,45
2024-03-05,2,1,1,35686.11,97
2024-01-14,2,4,4,34775.26,321
2024-10-02,2,2,8,33768.58,217
2024-01-12,1,6,8,68015.13,242
2024-01-11,9,3,4,636.66,425
2024-07-19,1,1,7,68116.67,435
2024-09-10,8,3,9,57.74,19
2024-09-06,5,3,10,6156.82,464
2024-09-06,2,1,1,34727.02,162
2024-10-10,1,6,7,67529.41,60
2024-09-10,7,4,8,90.76,11
2024-03-23,3,1,6,27826.71,260
2024-04-22,7,4,10,92.15,367
2024-12-02,6,6,7,10250.61,427
2024-12-10,7,2,8,91.67,433
2024-03-23,7,2,2,90.49,67
2024-03-29,2,3,2,36027.19,483
2024-09-09,3,1,1,29397.93,184
2024-05-13,4,1,9,8102.17,33
2024-06-21,5,3,2,5936.57,250
2024-05-12,12,5,1,503.23,286
2024-05-16,9,6,9,656.78,54
2024-12-27,1,7,8,68007.21,387
2024-02-26,11,5,10,3290.29,486
2024-02-22,8,1,2,53.17,61
2024-04-15,10,1,5,837.07,391
2024-09-16,6,6,3,9944.15,172
2024-03-11,2,1,7,35942.27,4
2024-05-05,9,3,5,650.33,44
2024-05-16,4,5,6,8610.02,126
2024-03-18,8,3,4,53.01,220
2024-07-30,10,6,9,844.16,186
2024-01-16,5,5,9,6161.75,44
2024-06-22,3,7,3,27815.4,202
2024-01-19,7,4,10,85.06,324
2024-12-31,8,6,5,54.56,454
2024-12-14,7,6,6,92.64,5
2024-05-23,10,3,3,836.42,229
2024-11-25,2,3,10,35532.13,358
2024-06-25,9,5,7,667.9,452
2024-06-03,1,3,7,66463.14,379
2024-03-05,6,3,4,9400.96,283
2024-06-08,6,5,3,9332.95,456
2024-10-03,7,1,5,91.02,259
2024-02-26,8,5,5,55.7,182
2024-03-04,1,4,2,64666.79,294
2024-01-03,6,7,10,9864.29,458
2024-11-17,7,5,4,87.67,146
2024-12-07,8,4,3,56.18,267
2024-05-06,1,3,4,67098.48,185
2024-08-20,1,4,7,62282.66,32
2024-08-05,9,3,8,622.57,347
2024-09-26,5,3,7,6119.49,300
2024-09-12,7,7,8,91.06,214
2024-03-24,2,1,8,33702.85,361
2024-09-19,9,1,4,647.1,17
2024-03-21,10,2,2,828.33,210
2024-02-26,2,3,1,35079.72,61
2024-07-09,3,2,5,27960.59,406
2024-03-14,2,3,1,36528.87,157
2024-05-25,2,5,8,33257.3,281
2024-06-27,1,1,8,65474.88,290
2024-08-19,10,5,8,847.43,427
2024-11-06,2,1,8,35915.88,342
2024-08-17,2,4,2,36049.34,341
2024-11-15,5,1,7,5805.01,24
2024-12-09,9,4,2,673.79,363
2024-01-13,7,5,5,89.54,64
2024-11-25,7,1,10,89.37,388
2024-01-28,11,3,8,3200.84,10
2024-03-02,7,3,1,87.0,106
2024-05-05,8,5,10,54.69,414
2024-09-30,7,2,1,88.92,479
2024-01-12,4,1,1,8805.7,163
2024-07-14,2,1,2,35146.23,147
2024-03-14,2,5,3,34323.78,209
2024-12-13,2,3,6,33885.1,366
2024-01-30,3,1,3,27755.9,166
2024-05-12,4,5,2,8119.1,123
2024-11-01,7,3,9,87.98,59
2024-05-17,1,3,7,62175.48,15
2024-07-27,7,6,1,86.95,494
2024-10-27,7,1,9,90.35,65
2024-06-04,7,2,9,86.36,496
2024-03-13,4,7,4,8531.91,217
2024-10-11,6,1,8,10251.89,318
2024-05-28,7,1,1,92.86,247
2024-05-19,7,5,7,93.44,432
2024-11-19,2,5,5,33409.2,379
2024-09-30,7,2,7,90.77,426
2024-03-12,8,7,7,53.41,259
2024-06-11,9,7,5,681.18,363
2024-08-19,3,4,6,27556.56,236
2024-11-02,4,6,3,8624.48,2
2024-11-07,6,6,3,9714.9,459
2024-12-22,7,5,9,85.27,449
2024-11-28,7,3,8,90.53,181
2024-07-11,8,2,3,56.87,416
2024-12-22,12,1,6,511.38,228
2024-01-05,2,1,5,35631.94,364
2024-07-02,2,5,5,36079.45,114
2024-04-29,12,7,1,479.26,464
2024-12-26,7,1,4,93.31,327
2024-07-21,1,2,9,64961.07,283
2024-04-09,7,3,10,89.58,34
2024-10-28,2,1,5,36517.47,439
2024-04-26,9,4,5,629.97,348
2024-01-12,12,4,9,495.61,349
2024-10-13,9,1,7,659.16,483
2024-11-28,1,7,7,67238.22,209
2024-05-20,2,3,8,34515.15,389
2024-01-23,9,1,5,677.2,273
2024-08-17,3,2,6,26829.06,293
2024-01-13,12,1,7,512.43,470
2024-05-07,2,2,2,35440.98,50
2024-01-15,6,5,10,10091.28,479
2024-06-20,9,1,8,632.99,175
2024-01-28,8,3,4,57.44,398
2024-11-03,7,5,8,89.7,44
2024-02-01,10,2,2,843.18,32
2024-08-14,1,3,7,62177.64,347
2024-01-29,7,2,7,88.12,317
2024-07-29,2,3,10,33287.12,197
2024-08-25,8,6,10,52.81,334
2024-12-11,8,3,6,55.48,56
2024-02-22,1,4,10,66881.21,100
2024-10-20,2,3,6,34723.52,372
2024-11-13,5,1,1,5640.69,160
2024-10-26,5,7,6,5788.6,454
2024-10-04,8,1,5,55.57,150
2024-07-07,11,3,3,3058.34,260
2024-10-13,9,2,4,680.97,328
2024-04-13,8,2,8,56.07,240
2024-11-03,7,6,10,93.12,316
2024-06-02,5,1,8,6121.9,467
2024-01-22,6,6,4,9989.36,239
2024-11-15,2,3,6,36075.45,193
2024-04-15,5,5,1,5819.06,38
2024-07-02,1,1,5,64612.65,324
2024-10-26,10,2,1,795.33,146
2024-03-30,2,2,3,34439.36,284
2024-05-05,2,1,5,36437.27,11
2024-12-12,2,4,2,34434.34,108
2024-06-05,6,2,6,9957.69,482
2024-09-26,11,7,7,3321.08,34
2024-03-01,2,6,4,33920.88,194
2024-12-21,4,3,4,8857.86,391
2024-11-11,7,6,5,91.58,168
2024-05-06,1,5,3,67284.77,496
2024-10-26,9,1,2,668.5,405
2024-12-05,7,1,7,91.24,331
2024-09-17,4,3,3,8348.55,192
2024-09-26,7,4,8,88.77,298
2024-07-24,7,5,1,86.39,459
2024-04-13,6,1,4,9609.88,456
